strike,callGEX_musd,putGEX_musd,netGEX_musd,callOI,putOI,callDelta,putDelta,callBid,callAsk,putBid,putAsk,pcsCredit_w5,ccsCredit_w5,expirationType,callIV,putIV
300.0,0.0,0.0,0.0,0,0,0.99969,-0.00039,,,,,,,Regular,0.7542,0.7706
305.0,0.0,0.0,0.0,0,0,0.99953,-0.0004,,,,,,,Regular,0.77,0.7586
310.0,0.0,0.0,0.0,0,0,0.99936,-0.00042,,,,,,,Regular,0.7775,0.7467
315.0,0.0,0.0,0.0,0,0,1.0,-0.00043,,,,,,,Regular,0.5037,0.735
320.0,0.0,0.0,0.0,0,0,0.99904,-0.00045,,,,,,,Regular,0.7806,0.724
325.0,0.0,0.0,0.0,0,0,0.99888,-0.00048,,,,,,,Regular,0.7788,0.7157
330.0,0.0,0.0,0.0,0,0,0.99871,-0.00052,,,,,,,Regular,0.7762,0.7078
335.0,0.0,0.0,0.0,0,0,0.9985,-0.00057,,,,,,,Regular,0.7744,0.6994
340.0,0.0,0.0,0.0,0,0,0.99998,-0.00061,,,,,,,Regular,0.5404,0.6911
345.0,0.0,0.0,0.0,0,0,0.99807,-0.00065,,,,,,,Regular,0.7678,0.6826
350.0,0.0,0.0,0.0,0,0,0.99785,-0.0007,,,,,,,Regular,0.7631,0.6743
355.0,0.0,0.0,0.0,0,0,0.99763,-0.00075,,,,,,,Regular,0.7577,0.6664
360.0,0.0,0.0,0.0,0,0,0.99741,-0.00081,,,,,,,Regular,0.7518,0.6585
365.0,0.0,0.0,0.0,0,0,0.99718,-0.00086,,,,,,,Regular,0.7454,0.6505
370.0,0.0,0.0,0.0,0,0,0.99695,-0.00093,,,,,,,Regular,0.7386,0.6424
375.0,0.0,0.0,0.0,0,0,0.99862,-0.00099,,,,,,,Regular,0.6578,0.6343
380.0,0.0,0.0,0.0,0,0,0.99647,-0.00105,,,,,,,Regular,0.7241,0.626
385.0,0.0,0.0,0.0,0,0,0.9982,-0.00112,,,,,,,Regular,0.6517,0.6178
390.0,0.0,0.0,0.0,0,0,0.99597,-0.00117,,,,,,,Regular,0.7087,0.6088
395.0,0.0,0.0,0.0,0,0,0.99572,-0.00128,,,,,,,Regular,0.7007,0.6026
400.0,0.0,0.0,0.0,0,0,0.99545,-0.00136,,,,,,,Regular,0.6925,0.5948
405.0,0.0,0.0,0.0,0,0,0.99519,-0.00141,,,,,,,Regular,0.6842,0.5852
410.0,0.0,0.0,0.0,0,0,0.99491,-0.00154,,,,,,,Regular,0.6759,0.5792
415.0,0.0,0.0,0.0,0,0,0.99463,-0.00164,,,,,,,Regular,0.6674,0.5717
420.0,0.0,0.0,0.0,0,0,0.99435,-0.00176,,,,,,,Regular,0.6588,0.5644
425.0,0.0,0.0,0.0,0,0,0.99641,-0.0019,,,,,,,Regular,0.6044,0.5577
430.0,0.0,0.0,0.0,0,0,0.99375,-0.00205,,,,,,,Regular,0.6415,0.5511
435.0,0.0,0.0,0.0,0,0,0.99345,-0.0022,,,,,,,Regular,0.6327,0.5442
440.0,0.0,0.0,0.0,0,0,0.99313,-0.00232,,,,,,,Regular,0.6239,0.5362
445.0,0.0,0.0,0.0,0,0,0.99281,-0.00251,,,,,,,Regular,0.6151,0.5301
450.0,0.0,0.0,0.0,0,0,0.99512,-0.00268,,,,,,,Regular,0.567,0.5228
455.0,0.0,0.0,0.0,0,0,0.99213,-0.00285,,,,,,,Regular,0.5973,0.5157
460.0,0.0,0.0,0.0,0,0,0.99178,-0.00307,,,,,,,Regular,0.5884,0.5092
465.0,0.0,0.0,0.0,0,0,0.99142,-0.00331,,,,,,,Regular,0.5795,0.5028
470.0,0.0,0.0,0.0,0,0,0.99105,-0.00355,,,,,,,Regular,0.5705,0.4961
475.0,0.0,0.0,0.0,0,0,0.99067,-0.00379,,,,,,,Regular,0.5616,0.4894
480.0,0.0,0.0,0.0,0,0,0.99028,-0.00404,,,,,,,Regular,0.5526,0.4824
485.0,0.0,0.0,0.0,0,0,0.99184,-0.00431,,,,,,,Regular,0.5239,0.4755
490.0,0.0,0.0,0.0,0,0,0.98944,-0.00461,,,,,,,Regular,0.5348,0.4688
495.0,0.0,0.0,0.0,0,0,0.99023,-0.00494,,,,,,,Regular,0.515,0.4623
500.0,0.0,-25.2531,-25.2531,0,3738,0.9894,-0.00529,,,,,,,Regular,0.5099,0.4557
505.0,0.0,-3.1577,-3.1577,0,434,0.98755,-0.00566,,,,,,,Regular,0.5123,0.4491
510.0,0.0,-11.6382,-11.6382,0,1480,0.98682,-0.00608,,,,,,,Regular,0.505,0.4428
515.0,0.0,-2.8361,-2.8361,0,334,0.98608,-0.00652,,,,,,,Regular,0.4975,0.4364
520.0,0.0,-7.8515,-7.8515,0,858,0.98532,-0.00698,,,,,,,Regular,0.4899,0.4299
525.0,0.0,-2967.3169,-2967.3169,0,301532,0.98453,-0.00744,,,,,,,Regular,0.4822,0.4233
530.0,0.0,-8.7486,-8.7486,0,823,0.98372,-0.00798,,,,,,,Regular,0.4744,0.4168
535.0,0.0,-5.0295,-5.0295,0,439,0.98303,-0.00854,,,,,,,Regular,0.4658,0.4103
540.0,0.0,-64.9715,-64.9715,0,5270,0.98199,-0.00911,,,,,,,Regular,0.4588,0.4036
545.0,0.0,-9.4906,-9.4906,0,716,0.98083,-0.00971,,,,,,,Regular,0.4521,0.3968
550.0,0.0,-214.7838,-214.7838,0,15062,0.97937,-0.01036,,,,,,,Regular,0.4465,0.3902
555.0,0.0,-4.0622,-4.0622,0,264,0.97781,-0.01108,,,,,,,Regular,0.4409,0.3836
560.0,0.0,-6.0385,-6.0385,0,364,0.97624,-0.01185,,,,,,,Regular,0.435,0.377
565.0,0.0,-15.2326,-15.2326,0,851,0.97459,-0.01267,,,,,,,Regular,0.4287,0.3705
570.0,0.0,-17.6362,-17.6362,0,912,0.9729,-0.01358,,,,,,,Regular,0.4222,0.364
575.0,0.0,-18.4854,-18.4854,0,884,0.97117,-0.01457,,,,,,,Regular,0.4155,0.3576
580.0,0.0,-34.7235,-34.7235,0,1535,0.96938,-0.01563,,,,,,,Regular,0.4085,0.3512
585.0,0.0,-41.0819,-41.0819,0,1681,0.96753,-0.01675,,,,,,,Regular,0.4014,0.3448
590.0,0.0,-84.6553,-84.6553,0,3201,0.96562,-0.01795,,,,,,,Regular,0.3941,0.3382
595.0,0.0,-45.7636,-45.7636,0,1600,0.96367,-0.01925,,,,,,,Regular,0.3867,0.3318
600.0,11.9285,-388.9715,-377.043,268,12580,0.96162,-0.0206,,,,,,,Regular,0.3791,0.3251
605.0,0.0,-72.2138,-72.2138,0,2152,0.95945,-0.02215,,,,,,,Regular,0.3713,0.3186
610.0,2.2291,-103.463,-101.2339,44,2846,0.95726,-0.02376,,,,,,,Regular,0.3634,0.3119
615.0,0.0,-37.1269,-37.1269,0,945,0.94791,-0.02542,,,,,,,Regular,0.3723,0.3054
620.0,27.8219,-142.977,-115.1551,449,3346,0.94467,-0.02741,,,,,,,Regular,0.3652,0.299
625.0,15.4361,-7267.251,-7251.8149,233,156418,0.94129,-0.02952,,,,,,,Regular,0.3579,0.2925
630.0,0.0,-2104.1529,-2104.1529,0,41666,0.93778,-0.03175,,,,,,,Regular,0.3503,0.2859
635.0,0.0,-66.8984,-66.8984,0,1210,0.93412,-0.0345,,,,,,,Regular,0.3426,0.2796
640.0,0.0,-321.837,-321.837,0,5355,0.9303,-0.03711,,,,,,,Regular,0.3346,0.273
645.0,0.0,-680.3123,-680.3123,0,10347,0.93659,-0.04027,,,,,,,Regular,0.3081,0.2668
650.0,28.5592,-1832.7262,-1804.167,308,25487,0.92211,-0.04364,,,,,,,Regular,0.3181,0.2604
655.0,3.2779,-681.8209,-678.543,33,8659,0.91769,-0.04736,,,,,,,Regular,0.3096,0.2539
660.0,0.0,-430.9891,-430.9891,0,4973,0.91304,-0.05175,,,,,,,Regular,0.3009,0.2477
665.0,0.0,-192.0006,-192.0006,0,2021,0.9081,-0.05628,,,,,,,Regular,0.292,0.2414
670.0,58.2726,-416.0039,-357.7313,486,3978,0.91143,-0.06153,,,,,,,Regular,0.271,0.2352
675.0,0.0,-715.1089,-715.1089,0,6208,0.89593,-0.06727,93.18,96.26,2.02,2.03,,1.6,Regular,0.2756,0.2288
680.0,354.3587,-5359.1551,-5004.7964,2472,42136,0.88877,-0.07387,88.3,91.58,2.19,2.21,0.16,1.51,Regular,0.2677,0.2227
685.0,0.0,-262.3948,-262.3948,0,1867,0.88117,-0.08117,83.52,86.79,2.38,2.4,0.17,1.59,Regular,0.2595,0.2165
690.0,198.6244,-1507.4159,-1308.7915,1183,9688,0.8728,-0.08953,78.76,81.93,2.6,2.61,0.2,1.5,Regular,0.2512,0.2105
695.0,188.4289,-604.8589,-416.43,1034,3500,0.86275,-0.09911,74.11,77.26,2.84,2.86,0.23,1.6,Regular,0.244,0.2043
700.0,190.0699,-4893.784,-4703.7141,960,25521,0.85112,-0.1098,69.38,72.51,3.11,3.13,0.25,1.56,Regular,0.2372,0.1983
701.0,0.0,-267.409,-267.409,0,1369,0.8552,-0.11177,68.6,71.58,3.17,3.19,,1.76,Regular,0.2286,0.1971
702.0,0.0,-78.984,-78.984,0,396,0.8456,-0.11409,67.4,70.63,3.23,3.25,,1.49,Regular,0.2351,0.1959
703.0,0.0,-127.29,-127.29,0,625,0.8428,-0.11644,66.58,69.67,3.29,3.32,,1.54,Regular,0.234,0.1947
704.0,0.0,-221.8398,-221.8398,0,1064,0.84597,-0.11928,65.68,68.74,3.36,3.38,,1.56,Regular,0.2262,0.1934
705.0,72.266,-839.2242,-766.9582,336,3951,0.8371,-0.12143,64.89,67.82,3.42,3.45,0.29,1.74,Regular,0.2317,0.1923
706.0,5.0292,-73.9762,-68.947,23,341,0.83421,-0.12406,63.68,66.84,3.49,3.51,0.3,1.41,Regular,0.2305,0.1911
707.0,0.0,-137.4712,-137.4712,0,619,0.83129,-0.12707,62.75,65.91,3.56,3.58,0.31,2.64,Regular,0.2293,0.1898
708.0,0.0,-97.7544,-97.7544,0,432,0.83322,-0.12941,62.17,65.04,3.63,3.65,0.31,1.68,Regular,0.2227,0.1887
709.0,0.0,-257.2202,-257.2202,0,1113,0.82536,-0.13215,61.28,64.12,3.7,3.72,0.32,1.83,Regular,0.2268,0.1874
710.0,240.7208,-2735.2093,-2494.4885,1024,11560,0.82668,-0.13543,60.19,63.15,3.78,3.8,0.33,2.81,Regular,0.2207,0.1862
711.0,0.0,-974.2764,-974.2764,0,4041,0.8193,-0.13793,59.47,62.27,3.85,3.87,0.34,1.71,Regular,0.2242,0.185
712.0,0.0,-131.0138,-131.0138,0,532,0.81621,-0.14098,58.26,60.11,3.93,3.95,0.35,2.7,Regular,0.2229,0.1838
713.0,0.4911,-106.4,-105.9089,2,422,0.81309,-0.14448,58.83,60.49,4.01,4.03,0.36,3,Regular,0.2215,0.1826
714.0,0.0,-141.8297,-141.8297,0,552,0.81322,-0.14721,56.7,59.45,4.09,4.12,0.37,1.65,Regular,0.2163,0.1814
715.0,90.3882,-1525.1028,-1434.7146,356,5811,0.80673,-0.15045,55.49,57.38,4.18,4.2,0.38,1.51,Regular,0.2187,0.1802
716.0,4.3894,-161.654,-157.2646,17,603,0.80349,-0.15384,56.11,57.76,4.26,4.29,0.39,2.84,Regular,0.2172,0.1791
717.0,0.0,-177.4443,-177.4443,0,648,0.80276,-0.15731,53.79,55.56,4.35,4.37,0.4,1.42,Regular,0.2126,0.1779
718.0,0.0,-337.6099,-337.6099,0,1207,0.79687,-0.16082,53.18,55.83,4.44,4.47,0.41,1.84,Regular,0.2142,0.1767
719.0,0.0,-128.0,-128.0,0,448,0.79349,-0.16441,53.4,55.05,4.54,4.56,0.42,4.1,Regular,0.2127,0.1755
720.0,129.2991,-3519.276,-3389.9769,465,12059,0.79192,-0.16814,51.38,53.98,4.63,4.66,0.43,1.84,Regular,0.2087,0.1743
721.0,11.526,-159.7779,-148.2519,41,536,0.78659,-0.17194,51.61,53.27,4.74,4.76,0.45,4.07,Regular,0.2095,0.1731
722.0,0.0,-286.8267,-286.8267,0,942,0.78306,-0.17581,50.74,52.37,4.84,4.86,0.47,4.08,Regular,0.2079,0.1719
723.0,0.0,-177.0266,-177.0266,0,568,0.78066,-0.18045,48.81,51.34,4.94,4.97,0.47,3.04,Regular,0.2045,0.1707
724.0,0.0,-85.4456,-85.4456,0,269,0.77584,-0.18397,47.85,49.3,5.05,5.08,0.49,2.95,Regular,0.2046,0.1695
725.0,142.8649,-7567.6908,-7424.8259,474,23328,0.77214,-0.18824,48.08,49.54,5.16,5.19,0.5,2.72,Regular,0.2029,0.1684
726.0,0.0,-445.6103,-445.6103,0,1342,0.76839,-0.19312,46.1,47.54,5.28,5.3,0.52,2.96,Regular,0.2012,0.1671
727.0,0.0,-522.1107,-522.1107,0,1543,0.76489,-0.197,45.27,46.66,5.4,5.42,0.54,1.63,Regular,0.1985,0.166
728.0,3.8154,-447.8098,-443.9944,12,1296,0.76067,-0.20161,44.35,45.77,5.52,5.54,0.55,2.9,Regular,0.1976,0.1648
729.0,0.0,-239.3734,-239.3734,0,677,0.75672,-0.20695,43.52,44.9,5.64,5.67,0.56,2.94,Regular,0.1958,0.1636
730.0,256.1871,-11011.43,-10755.2429,777,30565,0.75268,-0.21117,43.72,45.36,5.77,5.8,0.58,2.6,Regular,0.194,0.1625
731.0,19.1411,-282.4695,-263.3284,57,768,0.74856,-0.21618,42.86,43.14,5.9,5.93,0.6,3.95,Regular,0.1922,0.1613
732.0,9.9167,-295.7389,-285.8222,29,786,0.74425,-0.22194,41.99,43.64,6.04,6.07,0.62,3.92,Regular,0.1904,0.1601
733.0,0.0,-1064.4407,-1064.4407,0,2777,0.73908,-0.22652,40.08,41.45,6.18,6.21,0.64,2.85,Regular,0.1887,0.159
734.0,0.0,-224.9952,-224.9952,0,575,0.73522,-0.23185,39.25,40.58,6.33,6.36,0.66,2.88,Regular,0.187,0.1578
735.0,642.7177,-3533.1703,-2890.4526,1780,8848,0.73058,-0.23742,39.44,41.12,6.48,6.51,0.68,3.9,Regular,0.1852,0.1567
736.0,0.0,-413.19,-413.19,0,1014,0.72487,-0.24311,37.46,38.91,6.63,6.66,0.7,2.71,Regular,0.1837,0.1555
737.0,0.0,-539.3522,-539.3522,0,1297,0.7209,-0.24888,36.64,38.07,6.79,6.82,0.72,2.7,Regular,0.1817,0.1543
738.0,84.9599,-2325.0082,-2240.0483,223,5479,0.7156,-0.25479,35.85,37.23,6.96,6.99,0.75,2.73,Regular,0.1802,0.1531
739.0,182.5122,-910.3494,-727.8372,471,2100,0.71014,-0.26184,36.1,36.37,7.13,7.16,0.77,3.78,Regular,0.1788,0.1521
740.0,655.6487,-5245.9177,-4590.269,1664,11887,0.70451,-0.26736,35.28,35.54,7.3,7.34,0.79,3.78,Regular,0.1774,0.1509
741.0,0.0,-446.3977,-446.3977,0,992,0.69866,-0.27384,34.46,34.75,7.49,7.52,0.83,3.73,Regular,0.1761,0.1498
742.0,70.0691,-2853.1834,-2783.1143,172,6220,0.69191,-0.28052,32.54,33.94,7.67,7.71,0.85,2.59,Regular,0.1749,0.1487
743.0,0.0,-252.4653,-252.4653,0,540,0.68663,-0.28736,31.71,33.12,7.86,7.89,0.87,1.12,Regular,0.1735,0.1476
744.0,97.514,-447.9128,-350.3988,232,940,0.68048,-0.29433,32.04,32.32,8.06,8.09,0.9,3.65,Regular,0.1721,0.1464
745.0,657.0277,-3607.0722,-2950.0445,1538,7419,0.67421,-0.30242,31.25,31.5,8.27,8.3,0.93,3.67,Regular,0.1707,0.1453
746.0,0.0,-283.2981,-283.2981,0,573,0.66774,-0.30889,30.46,30.73,8.48,8.51,0.96,3.58,Regular,0.1694,0.1442
747.0,0.0,-222.5089,-222.5089,0,442,0.66112,-0.31646,29.68,29.95,8.7,8.73,0.99,3.56,Regular,0.1681,0.1431
748.0,46.5526,-252.5648,-206.0122,104,492,0.65434,-0.32509,28.91,30.59,8.92,8.95,1.03,3.53,Regular,0.1668,0.142
749.0,0.0,-484.9774,-484.9774,0,930,0.64656,-0.33213,28.13,28.39,9.15,9.19,1.06,3.49,Regular,0.1654,0.141
750.0,1277.0263,-8340.8028,-7063.7765,2767,15721,0.64041,-0.34024,27.38,27.58,9.4,9.43,1.1,3.51,Regular,0.164,0.1399
751.0,0.0,-309.1174,-309.1174,0,572,0.63314,-0.34952,26.62,26.88,9.63,9.67,1.12,3.41,Regular,0.1628,0.1387
752.0,0.0,-445.496,-445.496,0,812,0.62489,-0.35704,25.87,26.12,9.89,9.93,1.16,3.36,Regular,0.1615,0.1377
753.0,90.5823,-1590.6088,-1500.0265,188,2852,0.61821,-0.36572,25.14,25.38,10.16,10.19,1.21,3.35,Regular,0.1602,0.1365
754.0,279.13,-438.2796,-159.1496,571,774,0.61056,-0.37469,24.41,24.64,10.43,10.47,1.24,3.31,Regular,0.1588,0.1355
755.0,1637.4433,-5306.8181,-3669.3748,3295,9233,0.60193,-0.38383,23.69,23.87,10.71,10.75,1.28,3.29,Regular,0.1572,0.1345
756.0,269.6161,-269.479,0.1371,537,462,0.59465,-0.39314,22.97,23.21,11,11.04,1.33,3.2,Regular,0.1563,0.1335
757.0,116.8949,-386.8113,-269.9164,230,654,0.58641,-0.40268,22.27,22.51,11.3,11.34,1.37,3.18,Regular,0.1552,0.1325
758.0,0.0,-444.5235,-444.5235,0,740,0.57715,-0.41345,21.57,21.79,11.61,11.66,1.42,3.12,Regular,0.1537,0.1313
759.0,164.8956,-273.4999,-108.6043,317,450,0.56948,-0.42228,20.88,21.1,11.93,11.97,1.46,3.07,Regular,0.1529,0.1304
760.0,4029.6862,-2758.6233,1271.0629,7662,4483,0.56079,-0.4324,20.22,20.4,12.26,12.3,1.51,3.1,Regular,0.1518,0.1294
761.0,177.0433,-212.9874,-35.9441,332,342,0.55104,-0.44269,19.54,19.77,12.59,12.64,1.55,3.03,Regular,0.1502,0.1283
762.0,154.8375,-261.9843,-107.1468,288,416,0.543,-0.45319,18.88,19.09,12.94,12.99,1.6,2.97,Regular,0.1494,0.1274
763.0,263.9117,-645.3279,-381.4162,486,1014,0.53387,-0.46386,18.24,18.45,13.31,13.35,1.65,2.92,Regular,0.1482,0.1264
764.0,185.9006,-375.1049,-189.2043,339,583,0.52459,-0.47592,17.61,17.81,13.68,13.73,1.71,2.87,Regular,0.147,0.1253
765.0,3197.7577,-2676.5802,521.1775,5776,4125,0.51515,-0.48574,17.08,17.12,14.06,14.11,1.76,2.92,Regular,0.1458,0.1244
766.0,2810.0207,-2380.8716,429.1491,5035,3636,0.50558,-0.49695,16.47,16.51,14.46,14.51,1.82,2.87,Regular,0.1447,0.1233
767.0,2685.1889,-3461.2981,-776.1092,4777,5246,0.49588,-0.50956,15.87,15.91,14.87,14.93,1.88,2.81,Regular,0.1437,0.1224
768.0,954.534,-1298.2438,-343.7098,1687,1957,0.48501,-0.51979,15.28,15.32,15.3,15.35,1.95,2.74,Regular,0.1427,0.1216
769.0,310.847,-371.029,-60.182,546,556,0.47612,-0.53145,14.7,14.74,15.76,15.8,2.03,2.67,Regular,0.1416,0.1207
770.0,4722.7977,-4738.3522,-15.5545,8251,7061,0.46607,-0.54454,14.12,14.16,16.2,16.26,2.09,2.59,Regular,0.1406,0.1196
771.0,873.0385,-745.4699,127.5686,1519,1108,0.45595,-0.55508,13.56,13.6,16.67,16.72,2.16,2.52,Regular,0.1397,0.1189
772.0,801.2098,-1002.0398,-200.83,1389,1485,0.44572,-0.56709,13.03,13.06,17.15,17.2,2.22,2.47,Regular,0.1387,0.118
773.0,483.0116,-444.8616,38.15,835,658,0.43542,-0.58052,12.5,12.54,17.63,17.69,2.28,2.39,Regular,0.1378,0.117
774.0,336.9953,-350.0024,-13.0071,582,518,0.42402,-0.59123,11.99,12.03,18.08,18.28,2.28,2.33,Regular,0.137,0.1164
775.0,2475.1369,-2117.5428,357.5941,4265,3136,0.4146,-0.60342,11.5,11.53,18.62,18.76,2.36,2.28,Regular,0.136,0.1156
776.0,423.3348,-465.3337,-41.9989,729,690,0.40407,-0.61574,11.01,11.04,19.14,19.32,2.42,2.2,Regular,0.135,0.1147
777.0,282.1485,-806.1971,-524.0486,487,1200,0.39261,-0.62929,10.53,10.56,19.69,19.89,2.49,2.13,Regular,0.1343,0.1139
778.0,1348.4155,-338.6583,1009.7572,2329,506,0.38312,-0.64023,10.07,10.11,20.24,20.44,2.55,2.07,Regular,0.1335,0.1131
779.0,928.791,-267.4957,661.2953,1608,402,0.37255,-0.65245,9.63,9.66,20.8,21.02,2.52,2.01,Regular,0.1326,0.1124
780.0,3109.7956,-845.6426,2264.153,5411,1279,0.36105,-0.66478,9.19,9.22,21.41,21.63,2.65,1.94,Regular,0.1319,0.1116
781.0,950.8235,-84.0578,866.7657,1660,128,0.35156,-0.67731,8.77,8.81,21.99,22.23,2.67,1.87,Regular,0.1311,0.1106
782.0,494.4699,0.0,494.4699,868,0,0.34106,-0.68983,8.36,8.4,22.61,22.86,2.72,1.81,Regular,0.1304,0.1097
783.0,330.5938,-52.5921,278.0017,585,82,0.32963,-0.7024,7.97,8,21.97,23.5,1.53,1.75,Regular,0.1297,0.1094
784.0,523.162,-73.5816,449.5804,931,116,0.32011,-0.71307,7.59,7.62,22.48,24.15,1.46,1.69,Regular,0.1289,0.1087
785.0,1920.5183,-220.6822,1699.8361,3449,353,0.30991,-0.72469,7.22,7.25,24.55,24.8,2.92,1.62,Regular,0.1283,0.1081
786.0,242.0407,0.0,242.0407,439,0,0.29972,-0.73781,6.86,6.9,23.94,25.5,1.71,1.56,Regular,0.1276,0.1073
787.0,236.7541,0.0,236.7541,435,0,0.28875,-0.74828,6.52,6.55,25.9,26.19,3.04,1.49,Regular,0.1271,0.1066
788.0,317.979,0.0,317.979,590,0,0.27957,-0.75972,6.19,6.22,26.61,26.9,3.11,1.43,Regular,0.1264,0.1059
789.0,378.699,-1.1651,377.5339,712,2,0.26974,-0.77072,5.88,5.9,26.12,27.62,1.97,1.38,Regular,0.1258,0.1053
790.0,5102.9986,-61.5386,5041.46,9730,108,0.25995,-0.78153,5.57,5.6,28.04,28.36,3.24,1.32,Regular,0.1252,0.1048
791.0,278.3573,-73.4796,204.8777,539,132,0.25041,-0.79242,5.27,5.3,27.69,29.1,2.19,1.25,Regular,0.1247,0.1041
792.0,215.9315,0.0,215.9315,425,0,0.24094,-0.80515,5,5.03,28.53,29.86,2.34,1.21,Regular,0.1241,0.103
793.0,343.751,0.0,343.751,690,0,0.23075,-0.8147,4.73,4.76,30.3,30.63,3.4,1.15,Regular,0.1236,0.1023
794.0,350.987,0.0,350.987,716,0,0.22238,-0.8257,4.47,4.5,31.08,31.41,3.46,1.1,Regular,0.123,0.1013
795.0,3217.3991,-9.961,3207.4381,6695,20,0.21353,-0.83492,4.23,4.25,31.86,32.21,3.5,1.05,Regular,0.1226,0.1009
796.0,526.2442,0.0,526.2442,1121,0,0.20406,-0.85379,3.99,4.02,32.66,33.01,3.56,,Regular,0.1222,0.097
797.0,5000.4306,0.0,5000.4306,10861,0,0.19635,-0.85252,3.77,3.79,33.51,33.83,3.65,,Regular,0.1217,0.1002
798.0,782.4345,0.0,782.4345,1739,0,0.18798,-0.86145,3.55,3.58,34.29,34.65,3.66,,Regular,0.1213,0.0996
799.0,788.8267,0.0,788.8267,1796,0,0.17982,-0.88709,3.34,3.37,35.12,36.53,3.71,,Regular,0.1209,0.0927
800.0,4045.7334,-209.2332,3836.5002,9447,505,0.17201,-0.87931,3.15,3.18,35.96,37.55,3.75,0.82,Regular,0.1205,0.0981
805.0,1507.4746,0.0,1507.4746,4074,0,0.13455,-0.92682,2.31,2.33,40.28,42.24,2.73,0.63,Regular,0.1185,0.0907
810.0,2660.7272,-9.9386,2650.7886,8486,85,0.10467,-0.98392,1.66,1.68,43.59,46.71,1.35,0.46,Regular,0.1171,0.0696
815.0,2926.4905,0.0,2926.4905,11351,0,0.07918,-0.99573,1.18,1.2,48.26,51.45,1.55,0.33,Regular,0.1158,0.0628
820.0,1850.1647,0.0,1850.1647,8932,0,0.05923,-0.99939,0.84,0.85,53.1,56.31,1.65,0.24,Regular,0.1153,0.0563
825.0,587.0173,0.0,587.0173,3559,0,0.04432,-0.99715,0.59,0.6,58.1,61.27,1.79,0.16,Regular,0.1149,0.0713
830.0,1689.9857,0.0,1689.9857,13084,0,0.03296,-0.99768,0.42,0.43,63.05,66.26,1.78,0.1,Regular,0.1153,0.0753
835.0,1106.4925,0.0,1106.4925,10817,0,0.02514,-0.99812,0.31,0.32,68.08,71.26,1.82,0.07,Regular,0.1162,0.079
840.0,211.6784,0.0,211.6784,2625,0,0.01921,-0.99849,0.23,0.24,73.08,76.26,1.82,0.04,Regular,0.1175,0.0825
845.0,676.3771,0.0,676.3771,10422,0,0.01521,-0.99879,0.18,0.19,78.08,81.26,1.82,0.03,Regular,0.1196,0.0858
850.0,503.1656,0.0,503.1656,9625,0,0.01208,-0.99904,0.14,0.15,83.08,86.26,1.82,0.01,Regular,0.1217,0.0888
855.0,33.3012,0.0,33.3012,761,0,0.01014,-0.9998,0.12,0.13,88.08,91.26,1.82,,Regular,0.1248,0.0825
860.0,74.3227,0.0,74.3227,2020,0,0.00855,-0.99942,,,,,,,Regular,0.1279,0.0943
865.0,17.5539,0.0,17.5539,575,0,0.00709,-0.99956,,,,,,,Regular,0.1307,0.0966
870.0,9.1074,0.0,9.1074,349,0,0.00609,-0.99968,,,,,,,Regular,0.1338,0.0988
875.0,17.5957,0.0,17.5957,791,0,0.00522,-0.99976,,,,,,,Regular,0.1368,0.1007
880.0,0.0,0.0,0.0,0,0,0.00441,-0.99987,,,,,,,Regular,0.1395,0.1004
885.0,0.0,0.0,0.0,0,0,0.00376,-0.99987,,,,,,,Regular,0.1422,0.1047
890.0,0.0,0.0,0.0,0,0,0.00328,-0.99988,,,,,,,Regular,0.1454,0.1077
895.0,0.0,0.0,0.0,0,0,0.00289,-0.99989,,,,,,,Regular,0.1483,0.111
900.0,0.0,0.0,0.0,0,0,0.0026,-0.9999,,,,,,,Regular,0.1517,0.1141
905.0,0.0,0.0,0.0,0,0,0.00236,-0.99992,,,,,,,Regular,0.1553,0.1164
910.0,0.0,0.0,0.0,0,0,0.00213,-0.99992,,,,,,,Regular,0.1584,0.1202
915.0,0.0,0.0,0.0,0,0,0.00196,-0.99993,,,,,,,Regular,0.1621,0.1232
920.0,0.0,0.0,0.0,0,0,0.00181,-0.99995,,,,,,,Regular,0.1655,0.1249
925.0,0.0,0.0,0.0,0,0,0.00167,-0.99994,,,,,,,Regular,0.1688,0.1288
930.0,0.0,0.0,0.0,0,0,0.00153,-0.99996,,,,,,,Regular,0.1722,0.13
935.0,0.0,0.0,0.0,0,0,0.0014,-0.99996,,,,,,,Regular,0.1752,0.1342
940.0,0.0,0.0,0.0,0,0,0.00128,-0.99996,,,,,,,Regular,0.1782,0.1367
945.0,0.0,0.0,0.0,0,0,0.00115,-0.99997,,,,,,,Regular,0.1809,0.1392
950.0,0.0,0.0,0.0,0,0,0.00106,-0.99997,,,,,,,Regular,0.1838,0.1417
955.0,0.0,0.0,0.0,0,0,0.00102,-0.99997,,,,,,,Regular,0.1875,0.144
960.0,0.0,0.0,0.0,0,0,0.001,-0.99998,,,,,,,Regular,0.1915,0.1463
965.0,0.0,0.0,0.0,0,0,0.00098,-0.99999,,,,,,,Regular,0.1955,0.1443
970.0,0.0,0.0,0.0,0,0,0.00096,-0.99998,,,,,,,Regular,0.1995,0.1506
975.0,0.0,0.0,0.0,0,0,0.00094,-0.99998,,,,,,,Regular,0.2035,0.1527
980.0,0.0,0.0,0.0,0,0,0.00092,-0.99999,,,,,,,Regular,0.2073,0.1547
985.0,0.0,0.0,0.0,0,0,0.00091,-0.99999,,,,,,,Regular,0.2111,0.1568
990.0,0.0,0.0,0.0,0,0,0.00089,-1.0,,,,,,,Regular,0.215,0.1466
995.0,0.0,0.0,0.0,0,0,0.00088,-0.99999,,,,,,,Regular,0.2188,0.161
1000.0,0.0,0.0,0.0,0,0,0.00086,-0.99999,,,,,,,Regular,0.2226,0.1635
